Datetime,Water Level (m)
2025-07-05 12:00:00,-0.0013446629
2025-07-05 13:00:00,-0.001331199
2025-07-05 14:00:00,-0.0015340699
2025-07-05 15:00:00,-0.0017786716
2025-07-05 16:00:00,-0.0019840372
2025-07-05 17:00:00,-0.0020686777
2025-07-05 18:00:00,-0.002443092
2025-07-05 19:00:00,-0.0026670974
2025-07-05 20:00:00,-0.0027144956
2025-07-05 21:00:00,-0.0027463709
2025-07-05 22:00:00,-0.0025097702
2025-07-05 23:00:00,-0.0025692938
2025-07-06 00:00:00,-0.002391809
2025-07-06 01:00:00,-0.0026602694
2025-07-06 02:00:00,-0.002800669
2025-07-06 03:00:00,-0.003046652
2025-07-06 04:00:00,0.007705418
2025-07-06 05:00:00,0.017636769
2025-07-06 06:00:00,0.02878659
2025-07-06 07:00:00,0.040356703
2025-07-06 08:00:00,0.051720064
2025-07-06 09:00:00,0.06810989
2025-07-06 10:00:00,0.054381713
2025-07-06 11:00:00,0.06817682
2025-07-06 12:00:00,0.10295606
2025-07-06 13:00:00,0.1320269
2025-07-06 14:00:00,0.14815275
2025-07-06 15:00:00,0.16187927
2025-07-06 16:00:00,0.17489932
2025-07-06 17:00:00,0.18725063
2025-07-06 18:00:00,0.19893923
2025-07-06 19:00:00,0.21025892
2025-07-06 20:00:00,0.22169498
2025-07-06 21:00:00,0.2331134
2025-07-06 22:00:00,0.24485745
2025-07-06 23:00:00,0.25708187
2025-07-07 00:00:00,0.2696385
2025-07-07 01:00:00,0.2822832
2025-07-07 02:00:00,0.29482156
2025-07-07 03:00:00,0.30686587
2025-07-07 04:00:00,0.31842047
2025-07-07 05:00:00,0.3287387
2025-07-07 06:00:00,0.33862826
2025-07-07 07:00:00,0.34860736
2025-07-07 08:00:00,0.35953036
2025-07-07 09:00:00,0.37144193
2025-07-07 10:00:00,0.38468626
2025-07-07 11:00:00,0.39944628
2025-07-07 12:00:00,0.41577518
2025-07-07 13:00:00,0.43298474
2025-07-07 14:00:00,0.45010185
2025-07-07 15:00:00,0.46677148
2025-07-07 16:00:00,0.48280415
2025-07-07 17:00:00,0.49783012
2025-07-07 18:00:00,0.51235974
2025-07-07 19:00:00,0.52687275
2025-07-07 20:00:00,0.54174614
2025-07-07 21:00:00,0.557124
2025-07-07 22:00:00,0.5730775
2025-07-07 23:00:00,0.58974093
2025-07-08 00:00:00,0.6067452
2025-07-08 01:00:00,0.6237592
2025-07-08 02:00:00,0.64061564
2025-07-08 03:00:00,0.6565796
2025-07-08 04:00:00,0.67174476
2025-07-08 05:00:00,0.6862936
2025-07-08 06:00:00,0.7004216
2025-07-08 07:00:00,0.71446574
2025-07-08 08:00:00,0.72914135
2025-07-08 09:00:00,0.74468446
2025-07-08 10:00:00,0.7617175
2025-07-08 11:00:00,0.779834
2025-07-08 12:00:00,0.7985016
2025-07-08 13:00:00,0.81781906
2025-07-08 14:00:00,0.8372358
2025-07-08 15:00:00,0.8560007
2025-07-08 16:00:00,0.8739416
2025-07-08 17:00:00,0.8907225
2025-07-08 18:00:00,0.9062919
2025-07-08 19:00:00,0.92093086
2025-07-08 20:00:00,0.93550456
2025-07-08 21:00:00,0.95010674
2025-07-08 22:00:00,0.974187
2025-07-08 23:00:00,1.0127084
2025-07-09 00:00:00,1.0918303
2025-07-09 01:00:00,1.1555904
2025-07-09 02:00:00,1.2106295
2025-07-09 03:00:00,1.2584612
2025-07-09 04:00:00,1.3002816
2025-07-09 05:00:00,1.3370856
2025-07-09 06:00:00,1.3695958
2025-07-09 07:00:00,1.3985173
2025-07-09 08:00:00,1.4253107
2025-07-09 09:00:00,1.4510765
2025-07-09 10:00:00,1.4764389
2025-07-09 11:00:00,1.5023146
2025-07-09 12:00:00,1.5280747
2025-07-09 13:00:00,1.5534492
2025-07-09 14:00:00,1.5780474
2025-07-09 15:00:00,1.6012385
2025-07-09 16:00:00,1.6229484
2025-07-09 17:00:00,1.6432097
2025-07-09 18:00:00,1.662045
2025-07-09 19:00:00,1.679458
2025-07-09 20:00:00,1.6958412
2025-07-09 21:00:00,1.7118384
2025-07-09 22:00:00,1.7282958
2025-07-09 23:00:00,1.7452213
2025-07-10 00:00:00,1.7623364
2025-07-10 01:00:00,1.7791365
2025-07-10 02:00:00,1.7952273
2025-07-10 03:00:00,1.8103812
2025-07-10 04:00:00,1.8250219
2025-07-10 05:00:00,1.8388215
2025-07-10 06:00:00,1.8517463
2025-07-10 07:00:00,1.8640463
2025-07-10 08:00:00,1.8758104
2025-07-10 09:00:00,1.8876504
2025-07-10 10:00:00,1.9003251
2025-07-10 11:00:00,1.9143441
2025-07-10 12:00:00,1.9290481
2025-07-10 13:00:00,1.9441589
2025-07-10 14:00:00,1.9597422
2025-07-10 15:00:00,1.9749908
2025-07-10 16:00:00,1.9897702
2025-07-10 17:00:00,2.0037317
2025-07-10 18:00:00,2.0167181
2025-07-10 19:00:00,2.028607
2025-07-10 20:00:00,2.0393612
2025-07-10 21:00:00,2.0494452
2025-07-10 22:00:00,2.0597458
2025-07-10 23:00:00,2.0706708
2025-07-11 00:00:00,2.0824022
2025-07-11 01:00:00,2.0942311
2025-07-11 02:00:00,2.105967
2025-07-11 03:00:00,2.1173918
2025-07-11 04:00:00,2.1283019
2025-07-11 05:00:00,2.13838
2025-07-11 06:00:00,2.1475174
2025-07-11 07:00:00,2.1558127
2025-07-11 08:00:00,2.1629798
2025-07-11 09:00:00,2.169579
2025-07-11 10:00:00,2.1769314
2025-07-11 11:00:00,2.1858745
2025-07-11 12:00:00,2.1962795
